card,img
card-1.png,https://kylekyle.github.io/dr.lucky/cards/card-1.png
card-10.png,https://kylekyle.github.io/dr.lucky/cards/card-10.png
card-11.png,https://kylekyle.github.io/dr.lucky/cards/card-11.png
card-12.png,https://kylekyle.github.io/dr.lucky/cards/card-12.png
card-13.png,https://kylekyle.github.io/dr.lucky/cards/card-13.png
card-14.png,https://kylekyle.github.io/dr.lucky/cards/card-14.png
card-15.png,https://kylekyle.github.io/dr.lucky/cards/card-15.png
card-16.png,https://kylekyle.github.io/dr.lucky/cards/card-16.png
card-17.png,https://kylekyle.github.io/dr.lucky/cards/card-17.png
card-18.png,https://kylekyle.github.io/dr.lucky/cards/card-18.png
card-19.png,https://kylekyle.github.io/dr.lucky/cards/card-19.png
card-2.png,https://kylekyle.github.io/dr.lucky/cards/card-2.png
card-20.png,https://kylekyle.github.io/dr.lucky/cards/card-20.png
card-21.png,https://kylekyle.github.io/dr.lucky/cards/card-21.png
card-22.png,https://kylekyle.github.io/dr.lucky/cards/card-22.png
card-23.png,https://kylekyle.github.io/dr.lucky/cards/card-23.png
card-24.png,https://kylekyle.github.io/dr.lucky/cards/card-24.png
card-25.png,https://kylekyle.github.io/dr.lucky/cards/card-25.png
card-26.png,https://kylekyle.github.io/dr.lucky/cards/card-26.png
card-27.png,https://kylekyle.github.io/dr.lucky/cards/card-27.png
card-28.png,https://kylekyle.github.io/dr.lucky/cards/card-28.png
card-29.png,https://kylekyle.github.io/dr.lucky/cards/card-29.png
card-3.png,https://kylekyle.github.io/dr.lucky/cards/card-3.png
card-30.png,https://kylekyle.github.io/dr.lucky/cards/card-30.png
card-31.png,https://kylekyle.github.io/dr.lucky/cards/card-31.png
card-32.png,https://kylekyle.github.io/dr.lucky/cards/card-32.png
card-33.png,https://kylekyle.github.io/dr.lucky/cards/card-33.png
card-34.png,https://kylekyle.github.io/dr.lucky/cards/card-34.png
card-35.png,https://kylekyle.github.io/dr.lucky/cards/card-35.png
card-36.png,https://kylekyle.github.io/dr.lucky/cards/card-36.png
card-37.png,https://kylekyle.github.io/dr.lucky/cards/card-37.png
card-38.png,https://kylekyle.github.io/dr.lucky/cards/card-38.png
card-39.png,https://kylekyle.github.io/dr.lucky/cards/card-39.png
card-4.png,https://kylekyle.github.io/dr.lucky/cards/card-4.png
card-40.png,https://kylekyle.github.io/dr.lucky/cards/card-40.png
card-41.png,https://kylekyle.github.io/dr.lucky/cards/card-41.png
card-42.png,https://kylekyle.github.io/dr.lucky/cards/card-42.png
card-43.png,https://kylekyle.github.io/dr.lucky/cards/card-43.png
card-44.png,https://kylekyle.github.io/dr.lucky/cards/card-44.png
card-45.png,https://kylekyle.github.io/dr.lucky/cards/card-45.png
card-46.png,https://kylekyle.github.io/dr.lucky/cards/card-46.png
card-47.png,https://kylekyle.github.io/dr.lucky/cards/card-47.png
card-48.png,https://kylekyle.github.io/dr.lucky/cards/card-48.png
card-49.png,https://kylekyle.github.io/dr.lucky/cards/card-49.png
card-5.png,https://kylekyle.github.io/dr.lucky/cards/card-5.png
card-50.png,https://kylekyle.github.io/dr.lucky/cards/card-50.png
card-51.png,https://kylekyle.github.io/dr.lucky/cards/card-51.png
card-52.png,https://kylekyle.github.io/dr.lucky/cards/card-52.png
card-53.png,https://kylekyle.github.io/dr.lucky/cards/card-53.png
card-54.png,https://kylekyle.github.io/dr.lucky/cards/card-54.png
card-55.png,https://kylekyle.github.io/dr.lucky/cards/card-55.png
card-56.png,https://kylekyle.github.io/dr.lucky/cards/card-56.png
card-57.png,https://kylekyle.github.io/dr.lucky/cards/card-57.png
card-58.png,https://kylekyle.github.io/dr.lucky/cards/card-58.png
card-59.png,https://kylekyle.github.io/dr.lucky/cards/card-59.png
card-6.png,https://kylekyle.github.io/dr.lucky/cards/card-6.png
card-60.png,https://kylekyle.github.io/dr.lucky/cards/card-60.png
card-61.png,https://kylekyle.github.io/dr.lucky/cards/card-61.png
card-62.png,https://kylekyle.github.io/dr.lucky/cards/card-62.png
card-63.png,https://kylekyle.github.io/dr.lucky/cards/card-63.png
card-64.png,https://kylekyle.github.io/dr.lucky/cards/card-64.png
card-65.png,https://kylekyle.github.io/dr.lucky/cards/card-65.png
card-66.png,https://kylekyle.github.io/dr.lucky/cards/card-66.png
card-67.png,https://kylekyle.github.io/dr.lucky/cards/card-67.png
card-68.png,https://kylekyle.github.io/dr.lucky/cards/card-68.png
card-69.png,https://kylekyle.github.io/dr.lucky/cards/card-69.png
card-7.png,https://kylekyle.github.io/dr.lucky/cards/card-7.png
card-70.png,https://kylekyle.github.io/dr.lucky/cards/card-70.png
card-71.png,https://kylekyle.github.io/dr.lucky/cards/card-71.png
card-72.png,https://kylekyle.github.io/dr.lucky/cards/card-72.png
card-73.png,https://kylekyle.github.io/dr.lucky/cards/card-73.png
card-74.png,https://kylekyle.github.io/dr.lucky/cards/card-74.png
card-75.png,https://kylekyle.github.io/dr.lucky/cards/card-75.png
card-76.png,https://kylekyle.github.io/dr.lucky/cards/card-76.png
card-77.png,https://kylekyle.github.io/dr.lucky/cards/card-77.png
card-78.png,https://kylekyle.github.io/dr.lucky/cards/card-78.png
card-79.png,https://kylekyle.github.io/dr.lucky/cards/card-79.png
card-8.png,https://kylekyle.github.io/dr.lucky/cards/card-8.png
card-80.png,https://kylekyle.github.io/dr.lucky/cards/card-80.png
card-81.png,https://kylekyle.github.io/dr.lucky/cards/card-81.png
card-82.png,https://kylekyle.github.io/dr.lucky/cards/card-82.png
card-83.png,https://kylekyle.github.io/dr.lucky/cards/card-83.png
card-84.png,https://kylekyle.github.io/dr.lucky/cards/card-84.png
card-85.png,https://kylekyle.github.io/dr.lucky/cards/card-85.png
card-86.png,https://kylekyle.github.io/dr.lucky/cards/card-86.png
card-87.png,https://kylekyle.github.io/dr.lucky/cards/card-87.png
card-88.png,https://kylekyle.github.io/dr.lucky/cards/card-88.png
card-89.png,https://kylekyle.github.io/dr.lucky/cards/card-89.png
card-9.png,https://kylekyle.github.io/dr.lucky/cards/card-9.png
card-90.png,https://kylekyle.github.io/dr.lucky/cards/card-90.png
card-91.png,https://kylekyle.github.io/dr.lucky/cards/card-91.png
card-92.png,https://kylekyle.github.io/dr.lucky/cards/card-92.png
card-93.png,https://kylekyle.github.io/dr.lucky/cards/card-93.png
card-94.png,https://kylekyle.github.io/dr.lucky/cards/card-94.png
card-95.png,https://kylekyle.github.io/dr.lucky/cards/card-95.png
card-96.png,https://kylekyle.github.io/dr.lucky/cards/card-96.png